hyperparams,tpr,tnr,ppv,f1,score,auc,accuracy
64-0.0001-0.1-3.54-1.0-1,0.8305084745762712,0.7920792079207921,0.6086956521739131,0.7025089605734767,67.46506986027944,0.8830900039156458,80.28503562945369
